Price,Close,High,Low,Open,Volume,MA20,MA50,Daily_Return,Volatility_20d,RSI_14,BB_Upper,BB_Lower,BB_Width,Trend_Signal
Ticker,VIE.PA,VIE.PA,VIE.PA,VIE.PA,VIE.PA,,,,,,,,,
Date,,,,,,,,,,,,,,
2025-11-18,27.41192626953125,27.536481576557204,27.335276428097654,27.507737200715965,1874400,,,,,,,,,NEUTRE ➡️
2025-11-19,27.316112518310547,27.68019879502157,27.16281284101366,27.36401798216221,2100165,,,-0.003495330838066746,,,,,,NEUTRE ➡️
2025-11-20,27.210718154907227,27.58438771530086,27.210718154907227,27.421506580636017,1758859,,,-0.003858322202058284,,,,,,NEUTRE ➡️
2025-11-21,27.30653190612793,27.354437371463927,26.68375171937818,27.019095459159235,2244948,,,0.0035211768640301955,,,,,,NEUTRE ➡️
2025-11-24,27.526899337768555,27.977218742469674,27.45024949850739,27.546062254452927,3214079,,,0.008070136200312161,,,,,,NEUTRE ➡️
2025-11-25,27.766429901123047,27.91972957736645,27.335275246992094,27.58438767775669,1699814,,,0.008701690677737961,,,,,,NEUTRE ➡️
2025-11-26,28.12093734741211,28.188005729248744,27.546062631349546,27.6897808534961,1435136,,,0.012767483884369435,,,,,,NEUTRE ➡️
2025-11-27,27.938894271850586,28.28381947908808,27.91014989542199,28.159262342040584,953375,,,-0.006473577794101404,,,,,,NEUTRE ➡️
2025-11-28,28.06344985961914,28.06344985961914,27.843079974118538,27.977218562570275,1253550,,,0.004458143065956932,,,,,,NEUTRE ➡️
2025-12-01,28.207168579101562,28.427536641033868,27.986798689692918,28.03470598194538,1665621,,,0.00512120641622249,,,,,,NEUTRE ➡️
2025-12-02,27.948474884033203,28.322142628903585,27.862243584835984,28.255074246744936,1229300,,,-0.009171203920836701,,,,,,NEUTRE ➡️
2025-12-03,28.494606018066406,28.51376893563678,28.12093826282618,28.34130633245624,2072551,,,0.019540641709405282,,,,,,NEUTRE ➡️
2025-12-04,28.197587966918945,28.437118952941056,28.120938124490927,28.41795603546495,1329297,,,-0.010423658813150216,,,,,,NEUTRE ➡️
2025-12-05,28.092193603515625,28.350887505680767,28.073030686138267,28.264656204959053,933392,,,-0.0037377084709149244,,,,,,NEUTRE ➡️
2025-12-08,28.034706115722656,28.27423709569895,27.948474816733082,28.025124657226442,1178155,,,-0.0020463865728795883,,61.016921702373466,,,,NEUTRE ➡️
2025-12-09,28.06344985961914,28.23591062624056,27.986798193374543,28.01554256821627,1215829,,,0.0010252914290536097,,63.541666666666664,,,,NEUTRE ➡️
2025-12-10,27.651456832885742,28.034706034238614,27.632293915949013,28.00596165883352,1513122,,,-0.01468076907131155,,57.18752371745343,,,,NEUTRE ➡️
2025-12-11,28.14967918395996,28.168842100422243,27.58438776813301,27.641874690043558,2087760,,,0.018017942204104243,,62.154677295533986,,,,NEUTRE ➡️
2025-12-12,27.91973114013672,28.302982179673485,27.91973114013672,28.16884358484506,1689023,,,-0.008168762504201843,,55.64740135138174,,,,NEUTRE ➡️
2025-12-15,28.044286727905273,28.18800494605869,27.680198625941912,27.99637943686994,1966491,27.873262023925783,,0.004461202980192702,,54.13107061247615,28.582921933264597,27.16360211458697,0.05092047774886615,NEUTRE ➡️
2025-12-16,28.2838191986084,28.48502434918406,28.00596237831661,28.03470675446016,1796205,27.916856670379637,,0.008541221712184965,0.14896882147441412,52.50738883567923,28.614204773333746,27.219508567425528,0.04995892705169847,NEUTRE ➡️
2025-12-17,28.235910415649414,28.322141712055142,27.996379442850458,28.283817706694983,1361181,27.962846565246583,,-0.0016938583372553273,0.14828589193872901,54.769193829161416,28.61310944922393,27.312583681269235,0.04650906211998619,NEUTRE ➡️
2025-12-18,28.092193603515625,28.44670026509116,28.092193603515625,28.34130604699209,1797213,28.006920337677002,,-0.005089859332254254,0.14896090128053308,50.45871615484455,28.553812456196198,27.460028219157806,0.0390540703458549,NEUTRE ➡️
2025-12-19,28.245492935180664,28.245492935180664,28.044287787657893,28.07303033588894,3113626,28.05386838912964,,0.005457008228999749,0.14944336841656658,50.60974684566089,28.49942486855387,27.60831190970541,0.03176435229851402,NEUTRE ➡️
2025-12-22,28.005962371826172,28.120938048897322,27.689781544225987,28.092193672760438,1465791,28.07782154083252,,-0.008480310961617166,0.15166703314420263,50.9202468972963,28.44947397426626,27.70616910739878,0.02647302483159253,NEUTRE ➡️
2025-12-23,28.111356735229492,28.28381933798787,27.929312673709383,28.21675095413215,951637,28.09506788253784,,0.0037632830468039558,0.14929499542384544,42.857142857142854,28.436676277450328,27.753459487625353,0.024318033068345794,NEUTRE ➡️
2025-12-24,28.053869247436523,28.197587471027035,28.044287788866974,28.063450706006073,251104,28.091714477539064,,-0.0020449915788277595,0.14246412916774118,47.05881893722462,28.433570278264078,27.74985867681405,0.024338550144267442,NEUTRE ➡️
2025-12-29,28.350887298583984,28.42753714005711,28.073030481071168,28.255074539873483,1053404,28.11231412887573,,0.010587418388805725,0.1451573727051946,54.909100385546985,28.464880723860876,27.759747533890586,0.025082715949236226,NEUTRE ➡️
2025-12-30,28.504186630249023,28.542512464251452,28.197587268135,28.293400025664717,866441,28.134350967407226,,0.005407214597925369,0.14551569461137187,58.59649760031628,28.526887687512037,27.741814247302415,0.027904444681133945,NEUTRE ➡️
2025-12-31,28.47544288635254,28.50418726249193,28.350887578034623,28.50418726249193,467813,28.147764682769775,,-0.0010084042835301066,0.14473681177590467,57.54386381559141,28.56812714576318,27.72740221977637,0.029868266111427642,NEUTRE ➡️
2026-01-02,28.87785530090332,28.925762594943404,28.379632235221298,28.55209301133638,1259892,28.194233703613282,,0.014131910648653934,0.1476647647547216,72.53523002557085,28.715260087476803,27.67320731974976,0.03695978329049236,NEUTRE ➡️
2026-01-05,28.7341365814209,29.05989886540641,28.523349973685253,29.002411941019666,1460426,28.206210231781007,,-0.004976779542140264,0.13327283929579717,62.348218272319755,28.76588648892954,27.646533974632476,0.03968461218642715,NEUTRE ➡️
2026-01-06,28.68623161315918,29.01199390279411,28.57125593491539,28.743718538542872,1472253,28.23064241409302,,-0.001667179667152241,0.12728545828091842,67.54388951898991,28.82999043501212,27.631294393173917,0.04246081347549509,NEUTRE ➡️
2026-01-07,29.13654899597168,29.443148365709437,28.782044160016046,28.80120525001736,1872489,28.28286018371582,,0.015698032034501486,0.1362916829194188,71.75574723123867,29.001521291318223,27.564199076113415,0.05081954957413973,NEUTRE ➡️
2026-01-08,29.481473922729492,29.596447771559042,29.069480338224785,29.069480338224785,1648134,28.35519857406616,,0.011838221705854801,0.1398753627217744,72.89378197537059,29.240599237521945,27.469797910610378,0.06245067627673581,NEUTRE ➡️
2026-01-09,29.1844539642334,29.47189223906546,29.09822449200778,29.46231078049009,1383007,28.411248779296876,,-0.010074800170255305,0.14686138216041628,66.55521333924555,29.358644408336886,27.463853150256867,0.06669158658948998,NEUTRE ➡️
2026-01-12,29.059898376464844,29.184453681786508,28.75329901492567,29.117385299884354,1074480,28.48167085647583,,-0.004267874530775928,0.1353762433902676,67.00336745472973,29.40021431321711,27.56312739973455,0.06450067212488915,NEUTRE ➡️
2026-01-13,28.350887298583984,29.07906170631688,28.20716907425642,29.059898789079504,2095929,28.491731262207033,,-0.024398264188531193,0.1534930076874002,51.549307147892,29.399306577017814,27.58415594739625,0.06370797944557607,NEUTRE ➡️
2026-01-14,28.61916160583496,28.810785288738167,28.389210262389025,28.389210262389025,1650526,28.526702785491942,,0.009462642365495766,0.15319629677388621,58.93854981591469,29.394505300774057,27.658900270209827,0.06084141737708715,NEUTRE ➡️
2026-01-15,28.590417861938477,28.73413608415638,28.312561048504364,28.72455462567834,1362904,28.554009342193602,,-0.0010043531076264767,0.15292028777282346,57.142849017497795,29.391745278963334,27.71627340542387,0.05867728953438628,NEUTRE ➡️
2026-01-16,28.57125473022461,28.695811862026535,28.264655371137298,28.657486028402456,1480984,28.568381118774415,,-0.0006702641355716965,0.15037709997842444,57.80344991660295,29.396406144370598,27.74035609317823,0.05796793470050889,NEUTRE ➡️
2026-01-19,28.245492935180664,28.494605375549114,28.1592616355348,28.45628136874893,1187932,28.568860244750976,,-0.011401732199717962,0.1561350538889158,48.42405716368506,29.396085953624148,27.741634535877804,0.057911005324418584,NEUTRE ➡️
2026-01-20,27.718524932861328,28.235910892558124,27.64187509337009,28.235910892558124,1964171,28.55017681121826,,-0.01865671112657341,0.16897255584113985,39.43298559144937,29.437433246677934,27.66292037575859,0.06215418148381075,NEUTRE ➡️
2026-01-21,28.14967918395996,28.197586475115667,27.574806309901867,27.622711773581276,1795142,28.545386123657227,,0.015554732877848254,0.17737804667292828,46.04649009504497,29.4405686674799,27.650203579834553,0.06271994640007929,NEUTRE ➡️
2026-01-22,28.70539093017578,28.973666277855703,28.35088611348491,28.35088611348491,1609767,28.580357551574707,,0.01974131721303851,0.18770330649413725,47.98203716027876,29.440783948413507,27.719931154735907,0.06021103097021213,NEUTRE ➡️
2026-01-23,28.983247756958008,28.983247756958008,28.638322570760472,28.743716783760007,1519187,28.623952102661132,,0.009679604345333548,0.18989482670219884,52.826076607825236,29.47259604634436,27.775308158977904,0.059296070692092244,NEUTRE ➡️
2026-01-26,29.43356704711914,29.596448191502436,29.18445460115196,29.18445460115196,1634227,28.692936992645265,,0.015537226674433802,0.1955934152252627,57.76891166354907,29.57028193177274,27.81559205351779,0.06115407003140607,NEUTRE ➡️
2026-01-27,29.855140686035156,29.89346651936273,29.39524165096221,29.510215495992288,1664048,28.768149662017823,,0.014322886459569473,0.19808176773852632,57.51501710855284,29.77096860401647,27.765330720019175,0.06971730568564548,NEUTRE ➡️
2026-01-28,30.09467315673828,30.09467315673828,29.644355557629467,29.855142168972154,1439576,28.847673988342287,,0.00802315665573694,0.1987789694489861,56.557374708583104,30.00301157171747,27.692336404967104,0.08009918469281571,NEUTRE ➡️
2026-01-29,30.23838996887207,30.458759856186585,30.085090290073644,30.18090304619174,1337246,28.935821342468262,28.370815773010253,0.00477549004720168,0.1983717069558022,61.65254469614215,30.2320067783028,27.639635906633725,0.0895903676272817,HAUSSIER 📈
2026-01-30,30.305458068847656,30.592896334536135,30.219228599365053,30.267134063241645,1744646,29.00720148086548,28.428686408996583,0.0022179785380316286,0.19403036336194338,63.94848923690765,30.439983204165035,27.574419757565924,0.09878800092071524,HAUSSIER 📈
2026-02-02,30.20964813232422,30.544990045416117,30.046766991332568,30.315040521806086,2175442,29.080977058410646,28.486557121276856,-0.003161474619712945,0.1932095058398265,74.12938452274366,30.60368643455251,27.55826768226878,0.10472202313446516,HAUSSIER 📈
2026-02-03,30.621639251708984,30.7366167523446,30.190484589183395,30.372528643570462,1872226,29.177747440338134,28.55477554321289,0.013637733136783403,0.19636216988702368,75.05997207270644,30.83489045743894,27.520604423237327,0.11358950998457222,HAUSSIER 📈
2026-02-04,30.75577735900879,30.985728715382344,30.554572206527435,30.669546057237806,1443222,29.25870885848999,28.623760452270506,0.004380500540718701,0.1909522481094997,76.40189545772941,31.059379507744794,27.458038209235184,0.12308613192494343,HAUSSIER 📈
2026-02-05,30.516246795654297,30.73661668309004,30.018021925547178,30.65996501617234,1812881,29.31044750213623,28.68354740142822,-0.007788148566640896,0.19130785742780215,72.50558150498031,31.19555310483509,27.425341899437374,0.12863028464928522,HAUSSIER 📈
2026-02-06,30.679128646850586,30.8707541636516,30.458760581762874,30.497084588637257,1660067,29.38518123626709,28.741801376342774,0.005337545350415862,0.18638332844173783,79.2627201596975,31.36536841334548,27.404994059188702,0.13477454238971637,HAUSSIER 📈
2026-02-09,30.698291778564453,30.80368599628921,30.5737346435304,30.80368599628921,1282251,29.46710090637207,28.79334846496582,0.000624630899216605,0.18480647243523118,90.81371617745258,31.524675087559388,27.409526725184755,0.13965229818331937,HAUSSIER 📈
2026-02-10,30.966564178466797,30.985727095075262,30.621638989419715,30.765359036506876,1338487,29.597884750366212,28.853901863098145,0.008739000913714268,0.15515236984803601,90.38468374707203,31.68896977150882,27.506799729223605,0.14129962588740294,HAUSSIER 📈
2026-02-11,31.608509063720703,31.618088694539896,30.956984519437004,31.0623750782586,2232187,29.747352123260498,28.924803047180177,0.0207302586607363,0.16481779944306138,90.61669424134067,31.967258470807895,27.5274457757131,0.14925068546262807,HAUSSIER 📈
2026-02-12,31.93427276611328,31.93427276611328,31.407301673640557,31.71390104292317,2033678,29.91454486846924,28.99934513092041,0.010306202729646552,0.16421341743128284,90.7408138856983,32.26728041598306,27.56180932095542,0.1572970979741476,HAUSSIER 📈
2026-02-13,32.04924774169922,32.26961581767775,31.560602466959626,31.924690601379904,2078228,30.08844451904297,29.081360588073732,0.0036003630465617498,0.16274496836178418,89.79599535693558,32.53538408277386,27.641504955312076,0.1626497881724809,HAUSSIER 📈
2026-02-16,32.63370132446289,32.739091883220915,32.030082244544495,32.15463937483459,2000402,30.30785493850708,29.16414249420166,0.018236109236449805,0.15499095643434407,90.27784843585144,32.84431458709343,27.77139528992073,0.16737968778936566,HAUSSIER 📈
2026-02-17,32.29835510253906,33.01694801220372,32.039661216465475,32.5666322741816,1831135,30.536846446990968,29.246157836914062,-0.010276070697271655,0.1383422695339434,81.08106508557378,32.910759479718365,28.162933414263573,0.15547859775555284,HAUSSIER 📈
2026-02-18,32.62411880493164,32.71993339007925,32.31751944236471,32.35584527642375,1731836,30.76056842803955,29.33679634094238,0.010086077181279407,0.13556384834927662,82.00514309839694,33.0282153661894,28.4929214898897,0.14743855878051945,HAUSSIER 📈
2026-02-19,32.73909378051758,32.82532508264605,32.24087254038952,32.3175205561966,1479283,30.96225357055664,29.43088409423828,0.0035242323715594104,0.1280563844857345,82.23350741110514,33.177170825036114,28.747336316077163,0.14307209579768684,HAUSSIER 📈
2026-02-20,33.00736999511719,33.09360129469037,32.384587980982765,32.528308031922315,1837781,31.163459682464598,29.52976249694824,0.00819436898278636,0.1276947653392664,85.43684957678099,33.35238812977077,28.974531235158423,0.140480451760487,HAUSSIER 📈
2026-02-23,33.112762451171875,33.342710134505325,32.95946277729873,33.112762451171875,1749621,31.347419452667236,29.638988609313966,0.003192997687191612,0.12362802383737236,84.21048495757695,33.54261111740714,29.15222778792733,0.14005565389868954,HAUSSIER 📈
2026-02-24,33.61098861694336,33.74512537994909,33.12234337461945,33.24690050667591,2015475,31.535211849212647,29.74821479797363,0.015046348564429435,0.12430385964060067,85.64589678319614,33.83308937668961,29.237334321735688,0.14573407900123758,HAUSSIER 📈
2026-02-25,33.8792610168457,34.02297740602372,33.53433583489438,33.54391546552523,2347997,31.724441242218017,29.867405395507813,0.007981687267809345,0.12429486778381227,91.68640038130833,34.142983860617484,29.30589862381855,0.1524718812182537,HAUSSIER 📈
2026-02-26,33.94633102416992,34.31041913979699,33.10318094506877,33.28522683035867,2236283,31.90983829498291,29.985446281433106,0.0019796773988332017,0.12504494533610358,91.48412445854893,34.41563827685529,29.404038313110533,0.15705500972509523,HAUSSIER 📈
2026-02-27,34.45413589477539,34.45413589477539,33.71638002474579,33.94633137778794,2777598,32.117272186279294,30.108852615356444,0.014959050220888725,0.12830065719650188,92.4241849722938,34.74763127081505,29.486913101743536,0.16379716616527992,HAUSSIER 📈
2026-03-02,33.22773742675781,33.9654932746214,33.160669045584086,33.72596229758592,2995855,32.26817665100098,30.208689155578615,-0.03559510160878965,0.19493313681640997,70.99642451562353,34.781421888337434,29.754931413664522,0.1557723737860158,HAUSSIER 📈
2026-03-03,31.857620239257812,32.42291349646831,31.598926343081548,32.2025454341595,3452030,32.32997570037842,30.283997688293457,-0.04123414031786177,0.2512729907555977,52.03760757792945,34.731027944230135,29.928923456526704,0.14853411992039398,HAUSSIER 📈
2026-03-04,32.03008270263672,32.375007896094615,31.80013135534723,31.819294272200743,1656000,32.39369096755981,30.35968948364258,0.005413538804332374,0.2514239825663619,50.80383752726825,34.68392833084011,30.103453604279515,0.14140021065051353,HAUSSIER 📈
2026-03-05,31.80013084411621,32.604955064261745,31.72348283288705,32.00133964036705,1826495,32.45788516998291,30.435572853088377,-0.0071792464807335366,0.25111376503394195,47.94948996685185,34.59328791492773,30.322482425038093,0.13157990631624028,HAUSSIER 📈
2026-03-06,31.35939598083496,31.98217800109987,30.97614859947812,31.963015083789116,2285298,32.49189853668213,30.500533638000487,-0.013859529869286624,0.25709022130858655,39.256870121111724,34.52733738720913,30.45645968615513,0.12528900693377862,HAUSSIER 📈
2026-03-09,31.043216705322266,31.1102850878345,30.20964808451332,30.592897289923492,2634152,32.50914478302002,30.560320587158202,-0.01008244150193216,0.2602113761914356,39.38415057911321,34.48558543962346,30.532704126416576,0.12159290376877378,HAUSSIER 📈
2026-03-10,31.742647171020508,31.915109772700582,31.416884885064004,31.618090035373168,2935235,32.54794893264771,30.628155784606932,0.02253086309764818,0.2702814276461715,42.98782236413465,34.42483646567158,30.67106139962383,0.11533061803112488,HAUSSIER 📈
2026-03-11,31.531858444213867,31.953431658354344,31.531858444213867,31.733063592670497,2135087,32.54411640167236,30.68870922088623,-0.006640552871062355,0.26161166813418146,40.54054700336597,34.42937535094891,30.658857452395814,0.11585866557309073,HAUSSIER 📈
2026-03-12,31.838457107543945,31.8480403934225,31.34023223548613,31.46478936723875,1857286,32.539325618743895,30.75596950531006,0.009723456797591234,0.2613154644935752,40.8955057137908,34.43158369339919,30.6470675440886,0.1163059183725235,HAUSSIER 📈
2026-03-13,31.54143714904785,32.04924530327395,31.368978208973154,31.761808863212604,1953181,32.51393508911133,30.80924114227295,-0.009328968344565758,0.26296472357418776,38.115926934531835,34.44706750446863,30.580802673754025,0.11891100908328334,HAUSSIER 📈
2026-03-16,31.41688346862793,31.67557735948478,31.292326338596272,31.455209301707303,1774867,32.45309419631958,30.86289608001709,-0.003948890465305999,0.2534324042327708,32.41165255176695,34.44602382852389,30.460164564115274,0.12281908283681137,HAUSSIER 📈
2026-03-17,31.80013084411621,32.09715056814166,31.445626025407048,31.445626025407048,1626104,32.428182983398436,30.92517406463623,0.012198771271217268,0.2559779874091471,33.634972894175434,34.44160667381931,30.41475929297756,0.12417739787959402,HAUSSIER 📈
2026-03-18,31.139026641845703,31.886362111665164,31.052795344947103,31.886362111665164,2482775,32.35392837524414,30.96522361755371,-0.020789354783199876,0.2621863741108532,29.793075611423674,34.44497013709727,30.262886613391004,0.1292604556455105,HAUSSIER 📈
2026-03-19,30.295879364013672,30.74619695163655,30.257553529759964,30.727034034509696,2257203,32.231767654418945,30.981511726379395,-0.027076866837545288,0.2754952694923443,21.447348500128072,34.50555016707431,29.95798514176358,0.1410895323541855,HAUSSIER 📈
2026-03-20,29.79765510559082,30.717455044640342,29.673097969142546,30.525829524324408,4922666,32.07128190994263,30.99377574920654,-0.016445281301676218,0.2752386265694167,23.830389996603557,34.55771432656037,29.584849493324878,0.15505662814475227,HAUSSIER 📈
2026-03-23,30.09467315673828,30.822845751368074,28.868273841484196,29.194036131044243,3540088,31.920377445220947,31.01447124481201,0.009967833042397123,0.2789254284627713,33.9160698003021,34.50506928544859,29.335685604993298,0.1619461953207337,HAUSSIER 📈
2026-03-24,30.34378433227539,30.430015630457262,29.90304638295956,30.30545849864952,1850528,31.75701723098755,31.05432918548584,0.008277583685315282,0.2735795406074259,34.827559458882476,34.30453408534672,29.209500376628384,0.1604380433986965,HAUSSIER 📈
2026-03-25,30.985727310180664,31.19651573938444,30.77493888097689,30.813264714459876,2004365,31.6123405456543,31.101660499572755,0.021155666375550553,0.2855769541797668,43.17817255509458,33.974279654239425,29.250401437069172,0.14943146048765557,HAUSSIER 📈
2026-03-26,30.774938583374023,30.918658630069082,30.573733441963032,30.784521869128422,1514590,31.453770923614503,31.145350914001465,-0.006802768406774962,0.2847163580840496,44.90815794108947,33.568876329329655,29.338665517899354,0.13448978253524416,HAUSSIER 📈
2026-03-27,30.54499053955078,30.899497203023923,30.315041012220792,30.851591736800493,2308126,31.25831365585327,31.184825630187987,-0.007471925352516173,0.2751058362108922,45.59319917942074,32.868122903983185,29.648504407723358,0.10300038996687645,HAUSSIER 📈
2026-03-30,31.1007022857666,31.1007022857666,30.516247923724645,30.554571931123867,2225701,31.151961898803712,31.241929817199708,0.01819322043973992,0.26402691220363783,44.17388805605852,32.46822095609313,29.835702841514298,0.08450569255093761,BAISSIER 📉
2026-03-31,31.292327880859375,31.69474183812081,31.215679865875593,31.234839128406946,2559786,31.12369728088379,31.313405876159667,0.006161455562386786,0.22396130330780373,47.81849961245333,32.3998202081378,29.84757435362978,0.0820032990127946,BAISSIER 📉
2026-04-01,31.694740295410156,32.08757094733247,31.694740295410156,31.809714139765987,2194225,31.10693016052246,31.38430709838867,0.012859778795713206,0.22822057629558767,48.713564891311435,32.341029794913524,29.8728305261314,0.07934563957437679,BAISSIER 📉
2026-04-02,32.0588264465332,32.06840973279384,31.321070567434806,31.464790621721917,1732078,31.11986494064331,31.45137580871582,0.011487273526445962,0.2305037664215313,54.5762998948295,32.3894684628394,29.850261418447218,0.08159441081236565,BAISSIER 📉
2026-04-07,32.03008270263672,32.46123919445908,31.98217723797927,32.14505654880512,1821750,31.1533992767334,31.512312507629396,-0.0008965937647288369,0.22429830417852323,55.51724765207256,32.483624620766534,29.82317393270026,0.08539840755205176,BAISSIER 📉
2026-04-08,33.131927490234375,33.32354935363976,32.72951353618699,33.05527582091001,2707916,31.257834815979002,31.5862797164917,0.03440031041527569,0.24896466937062042,60.610726324424164,32.85318467158663,29.662484960371376,0.10207679866502367,BAISSIER 📉
2026-04-09,33.4289436340332,33.4289436340332,33.17024973200858,33.246901401476364,1643986,31.342149639129637,31.657755775451662,0.008964650302532906,0.23960356183440304,69.36792764516395,33.20174275878401,29.482556519475267,0.11866404449379118,BAISSIER 📉
2026-04-10,33.630149841308594,33.64931275927803,33.28522828271733,33.381039217611644,1732541,31.447064208984376,31.728465309143065,0.00601892208973509,0.2372608609015637,81.6363656106239,33.56985905817191,29.324269359796844,0.1350075056342495,BAISSIER 📉
2026-04-13,33.09360122680664,33.33313220791273,32.98820701032753,33.285226742682056,2047556,31.50982141494751,31.785569534301757,-0.01595439262191156,0.2454533837713312,81.04694236958767,33.75218162723143,29.26746120266359,0.1423277004813615,BAISSIER 📉
2026-04-14,33.8792610168457,33.955909026750135,33.10317935745523,33.15108482051457,2227977,31.626712608337403,31.85704559326172,0.023740534753366793,0.25307341221588797,82.64463435371911,34.10711262821195,29.146312588462852,0.1568547481106632,BAISSIER 📉
2026-04-15,33.831356048583984,34.09962956960194,33.70679891884596,33.84093567935494,1881280,31.747436237335204,31.929479751586914,-0.0014139909438373177,0.2522155001903173,81.16441041142997,34.41295744704075,29.08191502762966,0.16792040716477608,BAISSIER 📉
2026-04-16,33.76428985595703,34.147537245820494,33.754706569612566,33.87926370742078,1526816,31.845644187927245,31.992332763671875,-0.0019823678521972976,0.2509940147233243,77.67182162895897,34.65992324988694,29.031365125967554,0.1767449918960403,BAISSIER 📉
2026-04-17,34.06130599975586,34.1667002200021,33.28522793240234,33.67805860925925,2400961,31.991758155822755,32.05844333648682,0.008796753761620257,0.235081236982087,82.17644613545308,34.95126218998151,29.032254121663996,0.18501665458608782,BAISSIER 📉
2026-04-20,34.022979736328125,34.022979736328125,33.76907747526604,33.91758917236018,1310244,32.17811317443848,32.12857799530029,-0.00112521414851241,0.20480094149106373,85.380160529988,35.15730228991046,29.198924058966497,0.18516866413650246,HAUSSIER 📈
2026-04-21,33.8026123046875,34.262511369144484,33.8026123046875,34.02298037797192,817742,32.37836103439331,32.19104766845703,-0.0064770173967251266,0.19310043620591297,79.49796493092677,35.21901995278772,29.537702115998897,0.17546650464345456,HAUSSIER 📈
2026-04-22,33.8026123046875,34.05172658228057,33.70680137019962,33.86010105835195,1308982,32.56375799179077,32.25313407897949,0.0,0.19389427336019346,78.60267399203714,35.25703228167998,29.870483701901566,0.16541544686385243,HAUSSIER 📈
2026-04-23,34.11879348754883,34.11879348754883,33.48643184447934,33.54391694069757,1101425,32.75250844955444,32.31617866516113,0.009353749941316991,0.19410706115192308,78.17377309385627,35.31673678493095,30.188280114177932,0.1565821035861083,HAUSSIER 📈
2026-04-24,34.07088851928711,34.281673300082645,33.85052045234697,33.975073932604815,1087605,32.90676651000977,32.365426254272464,-0.0014040639590376935,0.18705876026770085,75.24046513853663,35.39349835258906,30.420034667430475,0.15113802456542583,HAUSSIER 📈
2026-04-27,34.06130599975586,34.34874245636652,33.94633214810216,34.051726368348405,1803574,33.071084880828856,32.40796691894531,-0.00028125241071497165,0.18307320529408788,75.60392257558229,35.393582540681095,30.748587220976617,0.14045488185351787,HAUSSIER 📈
2026-04-28,34.16669845581055,34.511623647914334,34.09963007456288,34.15711882489773,1947026,33.25217027664185,32.450315933227536,0.003094198914611379,0.17715881353903087,67.41937265368033,35.29306049149794,31.211280061785757,0.12275230145141681,HAUSSIER 📈
2026-04-29,33.352294921875,34.22418754159312,33.218154503112245,34.19544133866761,1615963,33.364749908447266,32.46468780517578,-0.023836178815721865,0.1992194742576045,48.90111272386007,35.13661084436368,31.59288897253085,0.10621155205888813,HAUSSIER 📈
2026-04-30,34.43497085571289,34.59785381553012,33.218153092193724,33.285225126202604,2232399,33.52188205718994,32.50742012023926,0.03246181218935518,0.22407174154575568,59.21052286925431,35.062163142900644,31.981600971479242,0.0918970529806714,HAUSSIER 📈
2026-05-04,33.831356048583984,34.51162313685242,33.65889345508599,34.36790309061988,1955958,33.628712844848636,32.5315648651123,-0.017529122056125224,0.2354142211826188,58.315360960911384,34.91001838375193,32.34740730594534,0.07620306758779628,HAUSSIER 📈
2026-05-05,34.17627716064453,34.40622850080025,33.77386688406271,33.821772347233996,2128933,33.7345853805542,32.56030853271484,0.010195308505080769,0.23486747395144672,53.717015846524454,34.80173968292723,32.667431078181174,0.06326766968288704,HAUSSIER 📈
2026-05-06,34.684085845947266,35.01942774833735,33.7547044951053,34.17627769453178,2487416,33.867285537719724,32.593842849731445,0.014858513784745897,0.23776848015361549,59.569919172546065,34.669049654444,33.065521420995445,0.04734740939490489,HAUSSIER 📈
2026-05-07,34.40623092651367,35.076918423054174,34.40623092651367,34.83738743535777,1667624,33.93100070953369,32.61971221923828,-0.008011020404796398,0.21237397347023168,56.87884909542936,34.68799480411287,33.174006614954514,0.044619615027533345,HAUSSIER 📈
2026-05-08,34.31999969482422,34.40623099676912,33.96549485569645,34.10921125563606,1614812,33.97555351257324,32.6338924407959,-0.0025062678871634603,0.2112660859688623,52.903235749678274,34.71276020924088,33.23834681590561,0.04339630236751364,HAUSSIER 📈
2026-05-11,34.630001068115234,34.70000076293945,33.880001068115234,34.08000183105469,1816736,34.025546073913574,32.64890724182129,0.009032674127260165,0.21240776678657536,56.42086965223433,34.798852430132335,33.25223971769481,0.04545445675075488,HAUSSIER 📈
2026-05-12,34.27000045776367,34.529998779296875,34.040000915527344,34.52000045776367,1293988,34.08436603546143,32.65538063049316,-0.010395628046428906,0.20718402355454726,54.80202517278167,34.72714845963148,33.44158361129138,0.037717141254808656,HAUSSIER 📈
2026-05-13,34.459999084472656,34.529998779296875,34.150001525878906,34.31999969482422,1373980,34.113402938842775,32.65549789428711,0.0055441676151464225,0.19110377923716165,56.50032062162876,34.76950357242572,33.45730230525983,0.038465856646384834,HAUSSIER 📈
2026-05-14,34.65999984741211,34.91999816894531,34.65999984741211,34.79999923706055,1196365,34.15483512878418,32.684143142700194,0.005803852822200861,0.19165188853185383,55.47736303310802,34.839956462867846,33.46971379470051,0.040118556069754126,HAUSSIER 📈
2026-05-15,33.619998931884766,34.56999969482422,33.619998931884766,34.5,1739528,34.147620582580565,32.71939071655274,-0.0300057968870705,0.221472863331603,46.19982689950783,34.85280313532866,33.44243802983247,0.0413020023484635,HAUSSIER 📈
2026-05-18,33.66999816894531,33.68000030517578,33.15999984741211,33.599998474121094,278684,34.12805519104004,32.752189025878906,0.001487187348275798,0.2190758464464782,46.724308499189846,34.86434867188674,33.39176171019334,0.04314886838556236,HAUSSIER 📈
